name,value,description,tag
Test-1,2.2.2.2,testobject1,test_object
Test-2,2.2.2.3,testobject2,test_object
Test-3,2.2.2.4,,test_object
Test-4,2.2.2.5,testobject4,test_object
Test-5,2.2.2.6,testobject5,test_object
Test-6,2.2.2.7,,test_object
Test-7,2.2.2.8,,test_object
Test-8,2.2.2.9,,test_object
Test-9,2.2.2.10,,test_object
Test-10,2.2.2.11,,test_object
Test-11,2.2.2.12,,test_object
Test-12,2.2.2.13,,test_object
Test-13,2.2.2.14,,test_object
Test-14,2.2.2.15,,test_object
Test-15,2.2.2.16,,test_object
Test-16,2.2.2.17,,test_object
Test-17,2.2.2.18,,test_object
Test-18,2.2.2.19,,test_object
Test-19,2.2.2.20,,test_object
Test-20,2.2.2.21,,test_object
